Project,Sample,Individual ID,LSIDs,Bait Set,Processing Location,Research Project Name,Initiative Name,PDO Number,Gssr Id,Product,Product Part Number,Day of Analysis Start,Day of Analysis End,Day of Last Run End Date,LCSET,Aggregated Lanes,WR ID,BAM Path,BAM Path with version,# Lanes in Aggregation,% Adapter (Al),PF Reads,PF Reads %,PF Reads Aligned,PF Reads Aligned %,Total Reads,Coverage (19 mb)
G145088,AFA_0219_49,'AFA,BROAD:SEQUENCING_SAMPLE:1429420.0,,OnPrem,Cuomo - PCR-Free_Cryptococcus,Cuomo - PCR-Free_Cryptococcus,PDO-15043,1429420,HiSeq X Ten 2x151 Paired Lane,P-SEQ-0018,15-Jun-18,15-Jun-18,4-Jun-18,,"HH77KCCXY/3,HH77KCCXY/4,HK3TGCCXY/5",57097,/seq/picard_aggregation/G145088/AFA_0219_49/current/AFA_0219_49.bam,/seq/picard_aggregation/G145088/AFA_0219_49/v2/AFA_0219_49.bam,3,0.0714,"49,001,590",100,"40,325,935",82.2952,"49,001,590",320.4850624
G145089,AFA_0219_50,'AFA,BROAD:SEQUENCING_SAMPLE:1429374.0,,OnPrem,Cuomo - PCR-Free_Cryptococcus,Cuomo - PCR-Free_Cryptococcus,PDO-15043,1429374,HiSeq X Ten 2x151 Paired Lane,P-SEQ-0018,15-Jun-18,15-Jun-18,4-Jun-18,,"HH77KCCXY/3,HH77KCCXY/4,HK3TGCCXY/5",57097,/seq/picard_aggregation/G145089/AFA_0219_50/current/AFA_0219_50.bam,/seq/picard_aggregation/G145089/AFA_0219_50/v2/AFA_0219_50.bam,3,0.4977,"16,800,122",100,"13,311,887",79.2368,"16,800,122",105.7944704
G145090,AFA_0219_51,'AFA,BROAD:SEQUENCING_SAMPLE:1429397.0,,OnPrem,Cuomo - PCR-Free_Cryptococcus,Cuomo - PCR-Free_Cryptococcus,PDO-15043,1429397,HiSeq X Ten 2x151 Paired Lane,P-SEQ-0018,15-Jun-18,15-Jun-18,4-Jun-18,,"HH77KCCXY/3,HH77KCCXY/4,HK3TGCCXY/5",57097,/seq/picard_aggregation/G145090/AFA_0219_51/current/AFA_0219_51.bam,/seq/picard_aggregation/G145090/AFA_0219_51/v2/AFA_0219_51.bam,3,1.1769,"15,960,900",100,"10,549,746",66.0974,"15,960,900",83.84271821
G145091,AFA_0219_52,'AFA,BROAD:SEQUENCING_SAMPLE:1429404.0,,OnPrem,Cuomo - PCR-Free_Cryptococcus,Cuomo - PCR-Free_Cryptococcus,PDO-15043,1429404,HiSeq X Ten 2x151 Paired Lane,P-SEQ-0018,15-Jun-18,15-Jun-18,4-Jun-18,,"HH77KCCXY/3,HH77KCCXY/4,HK3TGCCXY/5",57097,/seq/picard_aggregation/G145091/AFA_0219_52/current/AFA_0219_52.bam,/seq/picard_aggregation/G145091/AFA_0219_52/v2/AFA_0219_52.bam,3,0.6278,"21,034,578",100,"15,081,828",71.7002,"21,034,578",119.8608436
G145092,AFA_0219_53,'AFA,BROAD:SEQUENCING_SAMPLE:1429335.0,,OnPrem,Cuomo - PCR-Free_Cryptococcus,Cuomo - PCR-Free_Cryptococcus,PDO-15043,1429335,HiSeq X Ten 2x151 Paired Lane,P-SEQ-0018,15-Jun-18,15-Jun-18,4-Jun-18,,"HH77KCCXY/3,HH77KCCXY/4,HK3TGCCXY/5",57097,/seq/picard_aggregation/G145092/AFA_0219_53/current/AFA_0219_53.bam,/seq/picard_aggregation/G145092/AFA_0219_53/v2/AFA_0219_53.bam,3,0.7704,"16,225,408",100,"10,590,353",65.2702,"16,225,408",84.165437
G145093,AFA_0219_54,'AFA,BROAD:SEQUENCING_SAMPLE:1429369.0,,OnPrem,Cuomo - PCR-Free_Cryptococcus,Cuomo - PCR-Free_Cryptococcus,PDO-15043,1429369,HiSeq X Ten 2x151 Paired Lane,P-SEQ-0018,15-Jun-18,15-Jun-18,4-Jun-18,,"HH77KCCXY/3,HH77KCCXY/4,HK3TGCCXY/5",57097,/seq/picard_aggregation/G145093/AFA_0219_54/current/AFA_0219_54.bam,/seq/picard_aggregation/G145093/AFA_0219_54/v2/AFA_0219_54.bam,3,1.6857,"27,528,428",100,"20,632,101",74.9483,"27,528,428",163.9709079
G145094,AFA_0219_55,'AFA,BROAD:SEQUENCING_SAMPLE:1429367.0,,OnPrem,Cuomo - PCR-Free_Cryptococcus,Cuomo - PCR-Free_Cryptococcus,PDO-15043,1429367,HiSeq X Ten 2x151 Paired Lane,P-SEQ-0018,15-Jun-18,15-Jun-18,4-Jun-18,,"HH77KCCXY/3,HH77KCCXY/4,HK3TGCCXY/5",57097,/seq/picard_aggregation/G145094/AFA_0219_55/current/AFA_0219_55.bam,/seq/picard_aggregation/G145094/AFA_0219_55/v2/AFA_0219_55.bam,3,0.9938,"20,975,912",100,"14,587,848",69.5457,"20,975,912",115.9350025
G145095,AFA_0219_56,'AFA,BROAD:SEQUENCING_SAMPLE:1429383.0,,OnPrem,Cuomo - PCR-Free_Cryptococcus,Cuomo - PCR-Free_Cryptococcus,PDO-15043,1429383,HiSeq X Ten 2x151 Paired Lane,P-SEQ-0018,15-Jun-18,15-Jun-18,4-Jun-18,,"HH77KCCXY/3,HH77KCCXY/4,HK3TGCCXY/5",57097,/seq/picard_aggregation/G145095/AFA_0219_56/current/AFA_0219_56.bam,/seq/picard_aggregation/G145095/AFA_0219_56/v2/AFA_0219_56.bam,3,1.1722,"16,561,348",100,"11,814,021",71.3349,"16,561,348",93.89037742
G145096,AFA_0219_57,'AFA,BROAD:SEQUENCING_SAMPLE:1429349.0,,OnPrem,Cuomo - PCR-Free_Cryptococcus,Cuomo - PCR-Free_Cryptococcus,PDO-15043,1429349,HiSeq X Ten 2x151 Paired Lane,P-SEQ-0018,15-Jun-18,15-Jun-18,4-Jun-18,,"HH77KCCXY/3,HH77KCCXY/4,HK3TGCCXY/5",57097,/seq/picard_aggregation/G145096/AFA_0219_57/current/AFA_0219_57.bam,/seq/picard_aggregation/G145096/AFA_0219_57/v2/AFA_0219_57.bam,3,1.393,"20,461,998",100,"9,556,965",46.7059,"20,461,998",75.95272184
G145097,AFA_0219_58,'AFA,BROAD:SEQUENCING_SAMPLE:1429344.0,,OnPrem,Cuomo - PCR-Free_Cryptococcus,Cuomo - PCR-Free_Cryptococcus,PDO-15043,1429344,HiSeq X Ten 2x151 Paired Lane,P-SEQ-0018,15-Jun-18,15-Jun-18,4-Jun-18,,"HH77KCCXY/3,HH77KCCXY/4,HK3TGCCXY/5",57097,/seq/picard_aggregation/G145097/AFA_0219_58/current/AFA_0219_58.bam,/seq/picard_aggregation/G145097/AFA_0219_58/v2/AFA_0219_58.bam,3,0.0726,"24,446,852",100,"19,506,488",79.7914,"24,446,852",155.0252467
G145098,AFA_0219_59,'AFA,BROAD:SEQUENCING_SAMPLE:1429403.0,,OnPrem,Cuomo - PCR-Free_Cryptococcus,Cuomo - PCR-Free_Cryptococcus,PDO-15043,1429403,HiSeq X Ten 2x151 Paired Lane,P-SEQ-0018,15-Jun-18,15-Jun-18,4-Jun-18,,"HH77KCCXY/3,HH77KCCXY/4,HK3TGCCXY/5",57097,/seq/picard_aggregation/G145098/AFA_0219_59/current/AFA_0219_59.bam,/seq/picard_aggregation/G145098/AFA_0219_59/v2/AFA_0219_59.bam,3,0.1659,"28,015,064",100,"22,647,542",80.8406,"28,015,064",179.9883601
G145099,AFA_0219_60,'AFA,BROAD:SEQUENCING_SAMPLE:1429377.0,,OnPrem,Cuomo - PCR-Free_Cryptococcus,Cuomo - PCR-Free_Cryptococcus,PDO-15043,1429377,HiSeq X Ten 2x151 Paired Lane,P-SEQ-0018,15-Jun-18,15-Jun-18,4-Jun-18,,"HH77KCCXY/3,HH77KCCXY/4,HK3TGCCXY/5",57097,/seq/picard_aggregation/G145099/AFA_0219_60/current/AFA_0219_60.bam,/seq/picard_aggregation/G145099/AFA_0219_60/v2/AFA_0219_60.bam,3,0.1033,"30,088,692",100,"23,471,925",78.0091,"30,088,692",186.5400355
G145100,AFA_0219_61,'AFA,BROAD:SEQUENCING_SAMPLE:1429360.0,,OnPrem,Cuomo - PCR-Free_Cryptococcus,Cuomo - PCR-Free_Cryptococcus,PDO-15043,1429360,HiSeq X Ten 2x151 Paired Lane,P-SEQ-0018,15-Jun-18,15-Jun-18,4-Jun-18,,"HH77KCCXY/3,HH77KCCXY/4,HK3TGCCXY/5",57097,/seq/picard_aggregation/G145100/AFA_0219_61/current/AFA_0219_61.bam,/seq/picard_aggregation/G145100/AFA_0219_61/v2/AFA_0219_61.bam,3,0.1955,"30,191,546",100,"20,969,479",69.4548,"30,191,546",166.6521752
G145101,AFA_0219_62,'AFA,BROAD:SEQUENCING_SAMPLE:1429410.0,,OnPrem,Cuomo - PCR-Free_Cryptococcus,Cuomo - PCR-Free_Cryptococcus,PDO-15043,1429410,HiSeq X Ten 2x151 Paired Lane,P-SEQ-0018,15-Jun-18,15-Jun-18,4-Jun-18,,"HH77KCCXY/3,HH77KCCXY/4,HK3TGCCXY/5",57097,/seq/picard_aggregation/G145101/AFA_0219_62/current/AFA_0219_62.bam,/seq/picard_aggregation/G145101/AFA_0219_62/v2/AFA_0219_62.bam,3,0.0871,"18,465,528",100,"13,080,164",70.8356,"18,465,528",103.9528823
G145102,AFA_0219_63,'AFA,BROAD:SEQUENCING_SAMPLE:1429345.0,,OnPrem,Cuomo - PCR-Free_Cryptococcus,Cuomo - PCR-Free_Cryptococcus,PDO-15043,1429345,HiSeq X Ten 2x151 Paired Lane,P-SEQ-0018,15-Jun-18,15-Jun-18,4-Jun-18,,"HH77KCCXY/3,HH77KCCXY/4,HK3TGCCXY/5",57097,/seq/picard_aggregation/G145102/AFA_0219_63/current/AFA_0219_63.bam,/seq/picard_aggregation/G145102/AFA_0219_63/v2/AFA_0219_63.bam,3,0.514,"20,184,368",100,"11,356,405",56.2634,"20,184,368",90.25353447
G145103,AFA_0219_64,'AFA,BROAD:SEQUENCING_SAMPLE:1429361.0,,OnPrem,Cuomo - PCR-Free_Cryptococcus,Cuomo - PCR-Free_Cryptococcus,PDO-15043,1429361,HiSeq X Ten 2x151 Paired Lane,P-SEQ-0018,15-Jun-18,15-Jun-18,4-Jun-18,,"HH77KCCXY/3,HH77KCCXY/4,HK3TGCCXY/5",57097,/seq/picard_aggregation/G145103/AFA_0219_64/current/AFA_0219_64.bam,/seq/picard_aggregation/G145103/AFA_0219_64/v2/AFA_0219_64.bam,3,0.1337,"26,942,148",100,"21,897,494",81.276,"26,942,148",174.0274523
G145104,AFA_0219_65,'AFA,BROAD:SEQUENCING_SAMPLE:1429405.0,,OnPrem,Cuomo - PCR-Free_Cryptococcus,Cuomo - PCR-Free_Cryptococcus,PDO-15043,1429405,HiSeq X Ten 2x151 Paired Lane,P-SEQ-0018,15-Jun-18,15-Jun-18,4-Jun-18,,"HH77KCCXY/3,HH77KCCXY/4,HK3TGCCXY/5",57097,/seq/picard_aggregation/G145104/AFA_0219_65/current/AFA_0219_65.bam,/seq/picard_aggregation/G145104/AFA_0219_65/v2/AFA_0219_65.bam,3,0.1943,"21,319,086",100,"11,956,504",56.0836,"21,319,086",95.02274232
G145105,AFA_0219_66,'AFA,BROAD:SEQUENCING_SAMPLE:1429419.0,,OnPrem,Cuomo - PCR-Free_Cryptococcus,Cuomo - PCR-Free_Cryptococcus,PDO-15043,1429419,HiSeq X Ten 2x151 Paired Lane,P-SEQ-0018,15-Jun-18,15-Jun-18,4-Jun-18,,"HH77KCCXY/3,HH77KCCXY/4,HK3TGCCXY/5",57097,/seq/picard_aggregation/G145105/AFA_0219_66/current/AFA_0219_66.bam,/seq/picard_aggregation/G145105/AFA_0219_66/v2/AFA_0219_66.bam,3,0.2444,"18,256,580",100,"7,677,568",42.0537,"18,256,580",61.01646147
G145106,AFA_0219_67,'AFA,BROAD:SEQUENCING_SAMPLE:1429351.0,,OnPrem,Cuomo - PCR-Free_Cryptococcus,Cuomo - PCR-Free_Cryptococcus,PDO-15043,1429351,HiSeq X Ten 2x151 Paired Lane,P-SEQ-0018,15-Jun-18,15-Jun-18,4-Jun-18,,"HH77KCCXY/3,HH77KCCXY/4,HK3TGCCXY/5",57097,/seq/picard_aggregation/G145106/AFA_0219_67/current/AFA_0219_67.bam,/seq/picard_aggregation/G145106/AFA_0219_67/v2/AFA_0219_67.bam,3,0.4696,"44,275,396",100,"24,993,337",56.4497,"44,275,396",198.6312572
G145107,AFA_0219_68,'AFA,BROAD:SEQUENCING_SAMPLE:1429359.0,,OnPrem,Cuomo - PCR-Free_Cryptococcus,Cuomo - PCR-Free_Cryptococcus,PDO-15043,1429359,HiSeq X Ten 2x151 Paired Lane,P-SEQ-0018,15-Jun-18,15-Jun-18,4-Jun-18,,"HH77KCCXY/3,HH77KCCXY/4,HK3TGCCXY/5",57097,/seq/picard_aggregation/G145107/AFA_0219_68/current/AFA_0219_68.bam,/seq/picard_aggregation/G145107/AFA_0219_68/v2/AFA_0219_68.bam,3,0.2631,"36,708,414",100,"22,294,489",60.734,"36,708,414",177.1825178
G145108,AFA_0219_69,'AFA,BROAD:SEQUENCING_SAMPLE:1429375.0,,OnPrem,Cuomo - PCR-Free_Cryptococcus,Cuomo - PCR-Free_Cryptococcus,PDO-15043,1429375,HiSeq X Ten 2x151 Paired Lane,P-SEQ-0018,15-Jun-18,15-Jun-18,4-Jun-18,,"HH77KCCXY/3,HH77KCCXY/4,HK3TGCCXY/5",57097,/seq/picard_aggregation/G145108/AFA_0219_69/current/AFA_0219_69.bam,/seq/picard_aggregation/G145108/AFA_0219_69/v2/AFA_0219_69.bam,3,0.0758,"26,215,078",100,"22,771,420",86.8638,"26,215,078",180.9728642
G145109,AFA_1128_25,'AFA,BROAD:SEQUENCING_SAMPLE:1429337.0,,OnPrem,Cuomo - PCR-Free_Cryptococcus,Cuomo - PCR-Free_Cryptococcus,PDO-15043,1429337,HiSeq X Ten 2x151 Paired Lane,P-SEQ-0018,15-Jun-18,15-Jun-18,4-Jun-18,,"HH77KCCXY/3,HH77KCCXY/4,HK3TGCCXY/5",57097,/seq/picard_aggregation/G145109/AFA_1128_25/current/AFA_1128_25.bam,/seq/picard_aggregation/G145109/AFA_1128_25/v2/AFA_1128_25.bam,3,0.3025,"21,840,084",100,"20,071,584",91.9025,"21,840,084",159.5162728
G145110,AFA_1128_26,'AFA,BROAD:SEQUENCING_SAMPLE:1429378.0,,OnPrem,Cuomo - PCR-Free_Cryptococcus,Cuomo - PCR-Free_Cryptococcus,PDO-15043,1429378,HiSeq X Ten 2x151 Paired Lane,P-SEQ-0018,15-Jun-18,15-Jun-18,4-Jun-18,,"HH77KCCXY/3,HH77KCCXY/4,HK3TGCCXY/5",57097,/seq/picard_aggregation/G145110/AFA_1128_26/current/AFA_1128_26.bam,/seq/picard_aggregation/G145110/AFA_1128_26/v2/AFA_1128_26.bam,3,0.4388,"41,315,956",100,"36,636,947",88.6751,"41,315,956",291.1673156
G145111,AFA_1128_27,'AFA,BROAD:SEQUENCING_SAMPLE:1429386.0,,OnPrem,Cuomo - PCR-Free_Cryptococcus,Cuomo - PCR-Free_Cryptococcus,PDO-15043,1429386,HiSeq X Ten 2x151 Paired Lane,P-SEQ-0018,15-Jun-18,15-Jun-18,4-Jun-18,,"HH77KCCXY/3,HH77KCCXY/4,HK3TGCCXY/5",57097,/seq/picard_aggregation/G145111/AFA_1128_27/current/AFA_1128_27.bam,/seq/picard_aggregation/G145111/AFA_1128_27/v2/AFA_1128_27.bam,3,0.3268,"28,667,806",100,"25,983,252",90.6356,"28,667,806",206.4984764
G145112,AFA_1128_28,'AFA,BROAD:SEQUENCING_SAMPLE:1429384.0,,OnPrem,Cuomo - PCR-Free_Cryptococcus,Cuomo - PCR-Free_Cryptococcus,PDO-15043,1429384,HiSeq X Ten 2x151 Paired Lane,P-SEQ-0018,15-Jun-18,15-Jun-18,4-Jun-18,,"HH77KCCXY/3,HH77KCCXY/4,HK3TGCCXY/5",57097,/seq/picard_aggregation/G145112/AFA_1128_28/current/AFA_1128_28.bam,/seq/picard_aggregation/G145112/AFA_1128_28/v2/AFA_1128_28.bam,3,0.0697,"20,914,504",100,"19,336,488",92.4549,"20,914,504",153.6741941
G145113,AFA_1128_29,'AFA,BROAD:SEQUENCING_SAMPLE:1429352.0,,OnPrem,Cuomo - PCR-Free_Cryptococcus,Cuomo - PCR-Free_Cryptococcus,PDO-15043,1429352,HiSeq X Ten 2x151 Paired Lane,P-SEQ-0018,15-Jun-18,15-Jun-18,4-Jun-18,,"HH77KCCXY/3,HH77KCCXY/4,HK3TGCCXY/5",57097,/seq/picard_aggregation/G145113/AFA_1128_29/current/AFA_1128_29.bam,/seq/picard_aggregation/G145113/AFA_1128_29/v2/AFA_1128_29.bam,3,0.1402,"22,803,844",100,"19,317,078",84.7097,"22,803,844",153.5199357
G145114,AFA_1128_30,'AFA,BROAD:SEQUENCING_SAMPLE:1429393.0,,OnPrem,Cuomo - PCR-Free_Cryptococcus,Cuomo - PCR-Free_Cryptococcus,PDO-15043,1429393,HiSeq X Ten 2x151 Paired Lane,P-SEQ-0018,15-Jun-18,15-Jun-18,4-Jun-18,,"HH77KCCXY/3,HH77KCCXY/4,HK3TGCCXY/5",57097,/seq/picard_aggregation/G145114/AFA_1128_30/current/AFA_1128_30.bam,/seq/picard_aggregation/G145114/AFA_1128_30/v2/AFA_1128_30.bam,3,0.162,"44,028,094",100,"37,049,273",84.1492,"44,028,094",294.4442223
G145115,AFA_1128_31,'AFA,BROAD:SEQUENCING_SAMPLE:1429400.0,,OnPrem,Cuomo - PCR-Free_Cryptococcus,Cuomo - PCR-Free_Cryptococcus,PDO-15043,1429400,HiSeq X Ten 2x151 Paired Lane,P-SEQ-0018,15-Jun-18,15-Jun-18,4-Jun-18,,"HH77KCCXY/3,HH77KCCXY/4,HK3TGCCXY/5",57097,/seq/picard_aggregation/G145115/AFA_1128_31/current/AFA_1128_31.bam,/seq/picard_aggregation/G145115/AFA_1128_31/v2/AFA_1128_31.bam,3,0.2509,"24,297,740",100,"20,689,442",85.1497,"24,297,740",164.426618
G145116,AFA_1128_32,'AFA,BROAD:SEQUENCING_SAMPLE:1429368.0,,OnPrem,Cuomo - PCR-Free_Cryptococcus,Cuomo - PCR-Free_Cryptococcus,PDO-15043,1429368,HiSeq X Ten 2x151 Paired Lane,P-SEQ-0018,15-Jun-18,15-Jun-18,4-Jun-18,,"HH77KCCXY/3,HH77KCCXY/4,HK3TGCCXY/5",57097,/seq/picard_aggregation/G145116/AFA_1128_32/current/AFA_1128_32.bam,/seq/picard_aggregation/G145116/AFA_1128_32/v2/AFA_1128_32.bam,3,0.0685,"23,361,522",100,"21,541,157",92.2078,"23,361,522",171.1955109
G145117,AFA_1128_33,'AFA,BROAD:SEQUENCING_SAMPLE:1429363.0,,OnPrem,Cuomo - PCR-Free_Cryptococcus,Cuomo - PCR-Free_Cryptococcus,PDO-15043,1429363,HiSeq X Ten 2x151 Paired Lane,P-SEQ-0018,15-Jun-18,15-Jun-18,4-Jun-18,,"HH77KCCXY/3,HH77KCCXY/4,HK3TGCCXY/5",57097,/seq/picard_aggregation/G145117/AFA_1128_33/current/AFA_1128_33.bam,/seq/picard_aggregation/G145117/AFA_1128_33/v2/AFA_1128_33.bam,3,0.0442,"22,524,360",100,"20,444,732",90.7672,"22,524,360",162.4818175
G145118,AFA_1128_34,'AFA,BROAD:SEQUENCING_SAMPLE:1429355.0,,OnPrem,Cuomo - PCR-Free_Cryptococcus,Cuomo - PCR-Free_Cryptococcus,PDO-15043,1429355,HiSeq X Ten 2x151 Paired Lane,P-SEQ-0018,15-Jun-18,15-Jun-18,4-Jun-18,,"HH77KCCXY/3,HH77KCCXY/4,HK3TGCCXY/5",57097,/seq/picard_aggregation/G145118/AFA_1128_34/current/AFA_1128_34.bam,/seq/picard_aggregation/G145118/AFA_1128_34/v2/AFA_1128_34.bam,3,0.2841,"24,943,924",100,"20,658,005",82.8178,"24,943,924",164.1767766
G145119,AFA_1128_35,'AFA,BROAD:SEQUENCING_SAMPLE:1429406.0,,OnPrem,Cuomo - PCR-Free_Cryptococcus,Cuomo - PCR-Free_Cryptococcus,PDO-15043,1429406,HiSeq X Ten 2x151 Paired Lane,P-SEQ-0018,15-Jun-18,15-Jun-18,4-Jun-18,,"HH77KCCXY/3,HH77KCCXY/4,HK3TGCCXY/5",57097,/seq/picard_aggregation/G145119/AFA_1128_35/current/AFA_1128_35.bam,/seq/picard_aggregation/G145119/AFA_1128_35/v2/AFA_1128_35.bam,3,0.1178,"48,121,564",100,"42,652,640",88.6352,"48,121,564",338.9762442
G145120,AFA_1128_36,'AFA,BROAD:SEQUENCING_SAMPLE:1429347.0,,OnPrem,Cuomo - PCR-Free_Cryptococcus,Cuomo - PCR-Free_Cryptococcus,PDO-15043,1429347,HiSeq X Ten 2x151 Paired Lane,P-SEQ-0018,15-Jun-18,15-Jun-18,4-Jun-18,,"HH77KCCXY/3,HH77KCCXY/4,HK3TGCCXY/5",57097,/seq/picard_aggregation/G145120/AFA_1128_36/current/AFA_1128_36.bam,/seq/picard_aggregation/G145120/AFA_1128_36/v2/AFA_1128_36.bam,3,0.1505,"17,948,376",100,"15,033,136",83.7576,"17,948,376",119.4738703
G145121,AFA_1128_37,'AFA,BROAD:SEQUENCING_SAMPLE:1429336.0,,OnPrem,Cuomo - PCR-Free_Cryptococcus,Cuomo - PCR-Free_Cryptococcus,PDO-15043,1429336,HiSeq X Ten 2x151 Paired Lane,P-SEQ-0018,15-Jun-18,15-Jun-18,4-Jun-18,,"HH77KCCXY/3,HH77KCCXY/4,HK3TGCCXY/5",57097,/seq/picard_aggregation/G145121/AFA_1128_37/current/AFA_1128_37.bam,/seq/picard_aggregation/G145121/AFA_1128_37/v2/AFA_1128_37.bam,3,0.1982,"25,213,306",100,"22,489,137",89.1955,"25,213,306",178.7294572
G145122,AFA_1128_38,'AFA,BROAD:SEQUENCING_SAMPLE:1429330.0,,OnPrem,Cuomo - PCR-Free_Cryptococcus,Cuomo - PCR-Free_Cryptococcus,PDO-15043,1429330,HiSeq X Ten 2x151 Paired Lane,P-SEQ-0018,15-Jun-18,15-Jun-18,4-Jun-18,,"HH77KCCXY/3,HH77KCCXY/4,HK3TGCCXY/5",57097,/seq/picard_aggregation/G145122/AFA_1128_38/current/AFA_1128_38.bam,/seq/picard_aggregation/G145122/AFA_1128_38/v2/AFA_1128_38.bam,3,0.0832,"17,242,564",100,"14,505,928",84.1286,"17,242,564",115.2839541
G145123,AFA_1128_39,'AFA,BROAD:SEQUENCING_SAMPLE:1429391.0,,OnPrem,Cuomo - PCR-Free_Cryptococcus,Cuomo - PCR-Free_Cryptococcus,PDO-15043,1429391,HiSeq X Ten 2x151 Paired Lane,P-SEQ-0018,15-Jun-18,15-Jun-18,4-Jun-18,,"HH77KCCXY/3,HH77KCCXY/4,HK3TGCCXY/5",57097,/seq/picard_aggregation/G145123/AFA_1128_39/current/AFA_1128_39.bam,/seq/picard_aggregation/G145123/AFA_1128_39/v2/AFA_1128_39.bam,3,0.2074,"29,190,634",100,"24,181,684",82.8406,"29,190,634",192.1807518
G145124,AFA_1128_40,'AFA,BROAD:SEQUENCING_SAMPLE:1429338.0,,OnPrem,Cuomo - PCR-Free_Cryptococcus,Cuomo - PCR-Free_Cryptococcus,PDO-15043,1429338,HiSeq X Ten 2x151 Paired Lane,P-SEQ-0018,15-Jun-18,15-Jun-18,4-Jun-18,,"HH77KCCXY/3,HH77KCCXY/4,HK3TGCCXY/5",57097,/seq/picard_aggregation/G145124/AFA_1128_40/current/AFA_1128_40.bam,/seq/picard_aggregation/G145124/AFA_1128_40/v2/AFA_1128_40.bam,3,0.6955,"23,795,516",100,"19,636,965",82.5238,"23,795,516",156.0621955
G145125,AFA_1128_41,'AFA,BROAD:SEQUENCING_SAMPLE:1429346.0,,OnPrem,Cuomo - PCR-Free_Cryptococcus,Cuomo - PCR-Free_Cryptococcus,PDO-15043,1429346,HiSeq X Ten 2x151 Paired Lane,P-SEQ-0018,15-Jun-18,15-Jun-18,4-Jun-18,,"HH77KCCXY/3,HH77KCCXY/4,HK3TGCCXY/5",57097,/seq/picard_aggregation/G145125/AFA_1128_41/current/AFA_1128_41.bam,/seq/picard_aggregation/G145125/AFA_1128_41/v2/AFA_1128_41.bam,3,0.1334,"27,563,008",100,"25,017,592",90.7651,"27,563,008",198.8240206
G145126,AFA_1128_42,'AFA,BROAD:SEQUENCING_SAMPLE:1429354.0,,OnPrem,Cuomo - PCR-Free_Cryptococcus,Cuomo - PCR-Free_Cryptococcus,PDO-15043,1429354,HiSeq X Ten 2x151 Paired Lane,P-SEQ-0018,15-Jun-18,15-Jun-18,4-Jun-18,,"HH77KCCXY/3,HH77KCCXY/4,HK3TGCCXY/5",57097,/seq/picard_aggregation/G145126/AFA_1128_42/current/AFA_1128_42.bam,/seq/picard_aggregation/G145126/AFA_1128_42/v2/AFA_1128_42.bam,3,0.5766,"22,228,378",100,"18,005,215",81.001,"22,228,378",143.0940771
G145127,AFA_1128_43,'AFA,BROAD:SEQUENCING_SAMPLE:1429362.0,,OnPrem,Cuomo - PCR-Free_Cryptococcus,Cuomo - PCR-Free_Cryptococcus,PDO-15043,1429362,HiSeq X Ten 2x151 Paired Lane,P-SEQ-0018,15-Jun-18,15-Jun-18,4-Jun-18,,"HH77KCCXY/3,HH77KCCXY/4,HK3TGCCXY/5",57097,/seq/picard_aggregation/G145127/AFA_1128_43/current/AFA_1128_43.bam,/seq/picard_aggregation/G145127/AFA_1128_43/v2/AFA_1128_43.bam,3,0.16,"16,217,720",100,"14,159,797",87.3107,"16,217,720",112.5331235
G145128,AFA_1128_44,'AFA,BROAD:SEQUENCING_SAMPLE:1429370.0,,OnPrem,Cuomo - PCR-Free_Cryptococcus,Cuomo - PCR-Free_Cryptococcus,PDO-15043,1429370,HiSeq X Ten 2x151 Paired Lane,P-SEQ-0018,15-Jun-18,15-Jun-18,4-Jun-18,,"HH77KCCXY/3,HH77KCCXY/4,HK3TGCCXY/5",57097,/seq/picard_aggregation/G145128/AFA_1128_44/current/AFA_1128_44.bam,/seq/picard_aggregation/G145128/AFA_1128_44/v2/AFA_1128_44.bam,3,0.1282,"21,364,880",100,"19,928,535",93.2771,"21,364,880",158.3794097
G145129,AFA_1128_45,'AFA,BROAD:SEQUENCING_SAMPLE:1429407.0,,OnPrem,Cuomo - PCR-Free_Cryptococcus,Cuomo - PCR-Free_Cryptococcus,PDO-15043,1429407,HiSeq X Ten 2x151 Paired Lane,P-SEQ-0018,15-Jun-18,15-Jun-18,4-Jun-18,,"HH77KCCXY/3,HH77KCCXY/4,HK3TGCCXY/5",57097,/seq/picard_aggregation/G145129/AFA_1128_45/current/AFA_1128_45.bam,/seq/picard_aggregation/G145129/AFA_1128_45/v2/AFA_1128_45.bam,3,0.4721,"39,431,080",100,"34,636,722",87.8412,"39,431,080",275.2707906
G145130,AFA_1128_46,'AFA,BROAD:SEQUENCING_SAMPLE:1429414.0,,OnPrem,Cuomo - PCR-Free_Cryptococcus,Cuomo - PCR-Free_Cryptococcus,PDO-15043,1429414,HiSeq X Ten 2x151 Paired Lane,P-SEQ-0018,15-Jun-18,15-Jun-18,4-Jun-18,,"HH77KCCXY/3,HH77KCCXY/4,HK3TGCCXY/5",57097,/seq/picard_aggregation/G145130/AFA_1128_46/current/AFA_1128_46.bam,/seq/picard_aggregation/G145130/AFA_1128_46/v2/AFA_1128_46.bam,3,0.0649,"29,688,818",100,"23,840,878",80.3026,"29,688,818",189.4722409
G145131,AFA_1128_47,'AFA,BROAD:SEQUENCING_SAMPLE:1429331.0,,OnPrem,Cuomo - PCR-Free_Cryptococcus,Cuomo - PCR-Free_Cryptococcus,PDO-15043,1429331,HiSeq X Ten 2x151 Paired Lane,P-SEQ-0018,15-Jun-18,15-Jun-18,4-Jun-18,,"HH77KCCXY/3,HH77KCCXY/4,HK3TGCCXY/5",57097,/seq/picard_aggregation/G145131/AFA_1128_47/current/AFA_1128_47.bam,/seq/picard_aggregation/G145131/AFA_1128_47/v2/AFA_1128_47.bam,3,0.082,"17,348,060",100,"15,162,423",87.4013,"17,348,060",120.5013617
G145132,AFA_1128_48,'AFA,BROAD:SEQUENCING_SAMPLE:1429339.0,,OnPrem,Cuomo - PCR-Free_Cryptococcus,Cuomo - PCR-Free_Cryptococcus,PDO-15043,1429339,HiSeq X Ten 2x151 Paired Lane,P-SEQ-0018,15-Jun-18,15-Jun-18,4-Jun-18,,"HH77KCCXY/3,HH77KCCXY/4,HK3TGCCXY/5",57097,/seq/picard_aggregation/G145132/AFA_1128_48/current/AFA_1128_48.bam,/seq/picard_aggregation/G145132/AFA_1128_48/v2/AFA_1128_48.bam,3,0.0704,"20,918,908",100,"17,307,259",82.735,"20,918,908",137.5471636
G145133,CNRMA8.487,'PatCNR10578,BROAD:SEQUENCING_SAMPLE:1429402.0,,OnPrem,Cuomo - PCR-Free_Cryptococcus,Cuomo - PCR-Free_Cryptococcus,PDO-15043,1429402,HiSeq X Ten 2x151 Paired Lane,P-SEQ-0018,15-Jun-18,15-Jun-18,4-Jun-18,,"HH77KCCXY/3,HH77KCCXY/4,HK3TGCCXY/5",57097,/seq/picard_aggregation/G145133/CNRMA8.487/current/CNRMA8.487.bam,/seq/picard_aggregation/G145133/CNRMA8.487/v2/CNRMA8.487.bam,3,0.0078,"31,216,768",100,"29,555,495",94.6783,"31,216,768",234.8884076
G145134,AD4-67,'PatAD35,BROAD:SEQUENCING_SAMPLE:1429409.0,,OnPrem,Cuomo - PCR-Free_Cryptococcus,Cuomo - PCR-Free_Cryptococcus,PDO-15043,1429409,HiSeq X Ten 2x151 Paired Lane,P-SEQ-0018,15-Jun-18,15-Jun-18,4-Jun-18,,"HH77KCCXY/3,HH77KCCXY/4,HK3TGCCXY/5",57097,/seq/picard_aggregation/G145134/AD4-67/current/AD4-67.bam,/seq/picard_aggregation/G145134/AD4-67/v2/AD4-67.bam,3,0.033,"20,576,144",100,"19,452,740",94.5403,"20,576,144",154.5980916
G145135,CNRMA7.1247,'PatCNR10555,BROAD:SEQUENCING_SAMPLE:1429416.0,,OnPrem,Cuomo - PCR-Free_Cryptococcus,Cuomo - PCR-Free_Cryptococcus,PDO-15043,1429416,HiSeq X Ten 2x151 Paired Lane,P-SEQ-0018,15-Jun-18,15-Jun-18,4-Jun-18,,"HH77KCCXY/3,HH77KCCXY/4,HK3TGCCXY/5",57097,/seq/picard_aggregation/G145135/CNRMA7.1247/current/CNRMA7.1247.bam,/seq/picard_aggregation/G145135/CNRMA7.1247/v2/CNRMA7.1247.bam,3,0.0097,"21,292,320",100,"20,294,493",95.3137,"21,292,320",161.2878128
G145136,CNRMA10.393,'PatCNR10794,BROAD:SEQUENCING_SAMPLE:1429376.0,,OnPrem,Cuomo - PCR-Free_Cryptococcus,Cuomo - PCR-Free_Cryptococcus,PDO-15043,1429376,HiSeq X Ten 2x151 Paired Lane,P-SEQ-0018,15-Jun-18,15-Jun-18,4-Jun-18,,"HH77KCCXY/3,HH77KCCXY/4,HK3TGCCXY/5",57097,/seq/picard_aggregation/G145136/CNRMA10.393/current/CNRMA10.393.bam,/seq/picard_aggregation/G145136/CNRMA10.393/v2/CNRMA10.393.bam,3,0.0167,"24,067,272",100,"22,534,826",93.6327,"24,067,272",179.0925645
G145137,CNRMA8.1270,'PatCNR10624,BROAD:SEQUENCING_SAMPLE:1429380.0,,OnPrem,Cuomo - PCR-Free_Cryptococcus,Cuomo - PCR-Free_Cryptococcus,PDO-15043,1429380,HiSeq X Ten 2x151 Paired Lane,P-SEQ-0018,15-Jun-18,15-Jun-18,4-Jun-18,,"HH77KCCXY/3,HH77KCCXY/4,HK3TGCCXY/5",57097,/seq/picard_aggregation/G145137/CNRMA8.1270/current/CNRMA8.1270.bam,/seq/picard_aggregation/G145137/CNRMA8.1270/v2/CNRMA8.1270.bam,3,0.017,"15,531,112",100,"14,687,419",94.5677,"15,531,112",116.7263299
G145138,AD7-27,'PatAD02,BROAD:SEQUENCING_SAMPLE:1429333.0,,OnPrem,Cuomo - PCR-Free_Cryptococcus,Cuomo - PCR-Free_Cryptococcus,PDO-15043,1429333,HiSeq X Ten 2x151 Paired Lane,P-SEQ-0018,15-Jun-18,15-Jun-18,4-Jun-18,,"HH77KCCXY/3,HH77KCCXY/4,HK3TGCCXY/5",57097,/seq/picard_aggregation/G145138/AD7-27/current/AD7-27.bam,/seq/picard_aggregation/G145138/AD7-27/v2/AD7-27.bam,3,0.0399,"23,985,546",100,"22,901,072",95.4786,"23,985,546",182.0032564
G145139,AD11-59,'PatAD09,BROAD:SEQUENCING_SAMPLE:1429341.0,,OnPrem,Cuomo - PCR-Free_Cryptococcus,Cuomo - PCR-Free_Cryptococcus,PDO-15043,1429341,HiSeq X Ten 2x151 Paired Lane,P-SEQ-0018,15-Jun-18,15-Jun-18,4-Jun-18,,"HH77KCCXY/3,HH77KCCXY/4,HK3TGCCXY/5",57097,/seq/picard_aggregation/G145139/AD11-59/current/AD11-59.bam,/seq/picard_aggregation/G145139/AD11-59/v2/AD11-59.bam,3,0.0132,"28,050,766",100,"24,950,226",88.9467,"28,050,766",198.2886382
G145140,CNRMA10.396,'PatCNR10790,BROAD:SEQUENCING_SAMPLE:1429381.0,,OnPrem,Cuomo - PCR-Free_Cryptococcus,Cuomo - PCR-Free_Cryptococcus,PDO-15043,1429381,HiSeq X Ten 2x151 Paired Lane,P-SEQ-0018,15-Jun-18,15-Jun-18,4-Jun-18,,"HH77KCCXY/3,HH77KCCXY/4,HK3TGCCXY/5",57097,/seq/picard_aggregation/G145140/CNRMA10.396/current/CNRMA10.396.bam,/seq/picard_aggregation/G145140/CNRMA10.396/v2/CNRMA10.396.bam,3,0.0078,"14,092,658",100,"13,540,721",96.0835,"14,092,658",107.6130985
G145141,AD7-89,'PatAD102,BROAD:SEQUENCING_SAMPLE:1429357.0,,OnPrem,Cuomo - PCR-Free_Cryptococcus,Cuomo - PCR-Free_Cryptococcus,PDO-15043,1429357,HiSeq X Ten 2x151 Paired Lane,P-SEQ-0018,15-Jun-18,15-Jun-18,4-Jun-18,,"HH77KCCXY/3,HH77KCCXY/4,HK3TGCCXY/5",57097,/seq/picard_aggregation/G145141/AD7-89/current/AD7-89.bam,/seq/picard_aggregation/G145141/AD7-89/v2/AD7-89.bam,3,0.0135,"26,672,832",100,"23,553,850",88.3065,"26,672,832",187.1911237
G145142,AD7-75,'PatAD92,BROAD:SEQUENCING_SAMPLE:1429365.0,,OnPrem,Cuomo - PCR-Free_Cryptococcus,Cuomo - PCR-Free_Cryptococcus,PDO-15043,1429365,HiSeq X Ten 2x151 Paired Lane,P-SEQ-0018,15-Jun-18,15-Jun-18,4-Jun-18,,"HH77KCCXY/3,HH77KCCXY/4,HK3TGCCXY/5",57097,/seq/picard_aggregation/G145142/AD7-75/current/AD7-75.bam,/seq/picard_aggregation/G145142/AD7-75/v2/AD7-75.bam,3,0.0297,"24,621,738",100,"22,071,413",89.642,"24,621,738",175.4096507
G145143,CNRMA10.402,'PatCNR10789,BROAD:SEQUENCING_SAMPLE:1429373.0,,OnPrem,Cuomo - PCR-Free_Cryptococcus,Cuomo - PCR-Free_Cryptococcus,PDO-15043,1429373,HiSeq X Ten 2x151 Paired Lane,P-SEQ-0018,15-Jun-18,15-Jun-18,4-Jun-18,,"HH77KCCXY/3,HH77KCCXY/4,HK3TGCCXY/5",57097,/seq/picard_aggregation/G145143/CNRMA10.402/current/CNRMA10.402.bam,/seq/picard_aggregation/G145143/CNRMA10.402/v2/CNRMA10.402.bam,3,0.0088,"31,086,282",100,"29,708,817",95.5689,"31,086,282",236.1069141
G145144,AD10-73,'PatAD71,BROAD:SEQUENCING_SAMPLE:1429390.0,,OnPrem,Cuomo - PCR-Free_Cryptococcus,Cuomo - PCR-Free_Cryptococcus,PDO-15043,1429390,HiSeq X Ten 2x151 Paired Lane,P-SEQ-0018,15-Jun-18,15-Jun-18,4-Jun-18,,"HH77KCCXY/3,HH77KCCXY/4,HK3TGCCXY/5",57097,/seq/picard_aggregation/G145144/AD10-73/current/AD10-73.bam,/seq/picard_aggregation/G145144/AD10-73/v2/AD10-73.bam,3,0.0216,"32,235,268",100,"30,602,917",94.9361,"32,235,268",243.2126562
G145145,AD3-35,'PatAD62,BROAD:SEQUENCING_SAMPLE:1429396.0,,OnPrem,Cuomo - PCR-Free_Cryptococcus,Cuomo - PCR-Free_Cryptococcus,PDO-15043,1429396,HiSeq X Ten 2x151 Paired Lane,P-SEQ-0018,15-Jun-18,15-Jun-18,4-Jun-18,,"HH77KCCXY/3,HH77KCCXY/4,HK3TGCCXY/5",57097,/seq/picard_aggregation/G145145/AD3-35/current/AD3-35.bam,/seq/picard_aggregation/G145145/AD3-35/v2/AD3-35.bam,3,0.0243,"18,649,606",100,"16,666,370",89.3658,"18,649,606",132.4537826
G145146,AD3-34,'PatAD209,BROAD:SEQUENCING_SAMPLE:1429415.0,,OnPrem,Cuomo - PCR-Free_Cryptococcus,Cuomo - PCR-Free_Cryptococcus,PDO-15043,1429415,HiSeq X Ten 2x151 Paired Lane,P-SEQ-0018,15-Jun-18,15-Jun-18,4-Jun-18,,"HH77KCCXY/3,HH77KCCXY/4,HK3TGCCXY/5",57097,/seq/picard_aggregation/G145146/AD3-34/current/AD3-34.bam,/seq/picard_aggregation/G145146/AD3-34/v2/AD3-34.bam,3,0.0127,"18,434,144",100,"17,545,241",95.178,"18,434,144",139.4384943
G145147,AD7-61,'PatAD23,BROAD:SEQUENCING_SAMPLE:1429332.0,,OnPrem,Cuomo - PCR-Free_Cryptococcus,Cuomo - PCR-Free_Cryptococcus,PDO-15043,1429332,HiSeq X Ten 2x151 Paired Lane,P-SEQ-0018,15-Jun-18,15-Jun-18,4-Jun-18,,"HH77KCCXY/3,HH77KCCXY/4,HK3TGCCXY/5",57097,/seq/picard_aggregation/G145147/AD7-61/current/AD7-61.bam,/seq/picard_aggregation/G145147/AD7-61/v2/AD7-61.bam,3,0.0187,"22,266,846",100,"21,011,433",94.362,"22,266,846",166.9855991
G145148,AD10-69,'PatAD20,BROAD:SEQUENCING_SAMPLE:1429389.0,,OnPrem,Cuomo - PCR-Free_Cryptococcus,Cuomo - PCR-Free_Cryptococcus,PDO-15043,1429389,HiSeq X Ten 2x151 Paired Lane,P-SEQ-0018,15-Jun-18,15-Jun-18,4-Jun-18,,"HH77KCCXY/3,HH77KCCXY/4,HK3TGCCXY/5",57097,/seq/picard_aggregation/G145148/AD10-69/current/AD10-69.bam,/seq/picard_aggregation/G145148/AD10-69/v2/AD10-69.bam,3,0.0084,"32,198,166",100,"30,923,300",96.0406,"32,198,166",245.7588579
G145149,AD3-89,'PatAD21,BROAD:SEQUENCING_SAMPLE:1429417.0,,OnPrem,Cuomo - PCR-Free_Cryptococcus,Cuomo - PCR-Free_Cryptococcus,PDO-15043,1429417,HiSeq X Ten 2x151 Paired Lane,P-SEQ-0018,15-Jun-18,15-Jun-18,4-Jun-18,,"HH77KCCXY/3,HH77KCCXY/4,HK3TGCCXY/5",57097,/seq/picard_aggregation/G145149/AD3-89/current/AD3-89.bam,/seq/picard_aggregation/G145149/AD3-89/v2/AD3-89.bam,3,0.0174,"32,024,626",100,"30,392,160",94.9025,"32,024,626",241.5376926
G145150,AD3-71,'PatAD33,BROAD:SEQUENCING_SAMPLE:1429334.0,,OnPrem,Cuomo - PCR-Free_Cryptococcus,Cuomo - PCR-Free_Cryptococcus,PDO-15043,1429334,HiSeq X Ten 2x151 Paired Lane,P-SEQ-0018,15-Jun-18,15-Jun-18,4-Jun-18,,"HH77KCCXY/3,HH77KCCXY/4,HK3TGCCXY/5",57097,/seq/picard_aggregation/G145150/AD3-71/current/AD3-71.bam,/seq/picard_aggregation/G145150/AD3-71/v2/AD3-71.bam,3,0.0157,"21,084,554",100,"19,953,996",94.638,"21,084,554",158.5817577
G145151,CNRMA7.1501,'PatCNR10560,BROAD:SEQUENCING_SAMPLE:1429342.0,,OnPrem,Cuomo - PCR-Free_Cryptococcus,Cuomo - PCR-Free_Cryptococcus,PDO-15043,1429342,HiSeq X Ten 2x151 Paired Lane,P-SEQ-0018,15-Jun-18,15-Jun-18,4-Jun-18,,"HH77KCCXY/3,HH77KCCXY/4,HK3TGCCXY/5",57097,/seq/picard_aggregation/G145151/CNRMA7.1501/current/CNRMA7.1501.bam,/seq/picard_aggregation/G145151/CNRMA7.1501/v2/CNRMA7.1501.bam,3,0.0445,"21,842,474",100,"20,780,160",95.1365,"21,842,474",165.1475874
G145152,CNRMA8.1385,'PatCNR10670,BROAD:SEQUENCING_SAMPLE:1429350.0,,OnPrem,Cuomo - PCR-Free_Cryptococcus,Cuomo - PCR-Free_Cryptococcus,PDO-15043,1429350,HiSeq X Ten 2x151 Paired Lane,P-SEQ-0018,15-Jun-18,15-Jun-18,4-Jun-18,,"HH77KCCXY/3,HH77KCCXY/4,HK3TGCCXY/5",57097,/seq/picard_aggregation/G145152/CNRMA8.1385/current/CNRMA8.1385.bam,/seq/picard_aggregation/G145152/CNRMA8.1385/v2/CNRMA8.1385.bam,3,0.0231,"37,416,722",100,"35,846,412",95.8032,"37,416,722",284.8846427
G145153,AD11-72,'PatAD05,BROAD:SEQUENCING_SAMPLE:1429358.0,,OnPrem,Cuomo - PCR-Free_Cryptococcus,Cuomo - PCR-Free_Cryptococcus,PDO-15043,1429358,HiSeq X Ten 2x151 Paired Lane,P-SEQ-0018,15-Jun-18,15-Jun-18,4-Jun-18,,"HH77KCCXY/3,HH77KCCXY/4,HK3TGCCXY/5",57097,/seq/picard_aggregation/G145153/AD11-72/current/AD11-72.bam,/seq/picard_aggregation/G145153/AD11-72/v2/AD11-72.bam,3,0.0233,"20,570,748",100,"19,675,239",95.6467,"20,570,748",156.3663731
G145154,AD12-15,'PatAD31,BROAD:SEQUENCING_SAMPLE:1429366.0,,OnPrem,Cuomo - PCR-Free_Cryptococcus,Cuomo - PCR-Free_Cryptococcus,PDO-15043,1429366,HiSeq X Ten 2x151 Paired Lane,P-SEQ-0018,15-Jun-18,15-Jun-18,4-Jun-18,,"HH77KCCXY/3,HH77KCCXY/4,HK3TGCCXY/5",57097,/seq/picard_aggregation/G145154/AD12-15/current/AD12-15.bam,/seq/picard_aggregation/G145154/AD12-15/v2/AD12-15.bam,3,0.0203,"22,328,564",100,"21,503,536",96.3051,"22,328,564",170.8965229
G145155,CNRMA8.1408,'PatCNR10659,BROAD:SEQUENCING_SAMPLE:1429392.0,,OnPrem,Cuomo - PCR-Free_Cryptococcus,Cuomo - PCR-Free_Cryptococcus,PDO-15043,1429392,HiSeq X Ten 2x151 Paired Lane,P-SEQ-0018,15-Jun-18,15-Jun-18,4-Jun-18,,"HH77KCCXY/3,HH77KCCXY/4,HK3TGCCXY/5",57097,/seq/picard_aggregation/G145155/CNRMA8.1408/current/CNRMA8.1408.bam,/seq/picard_aggregation/G145155/CNRMA8.1408/v2/CNRMA8.1408.bam,3,0.0102,"32,201,772",100,"31,156,770",96.7548,"32,201,772",247.61433
G145156,CNRMA10.170,'PatCNR10771,BROAD:SEQUENCING_SAMPLE:1429382.0,,OnPrem,Cuomo - PCR-Free_Cryptococcus,Cuomo - PCR-Free_Cryptococcus,PDO-15043,1429382,HiSeq X Ten 2x151 Paired Lane,P-SEQ-0018,15-Jun-18,15-Jun-18,4-Jun-18,,"HH77KCCXY/3,HH77KCCXY/4,HK3TGCCXY/5",57097,/seq/picard_aggregation/G145156/CNRMA10.170/current/CNRMA10.170.bam,/seq/picard_aggregation/G145156/CNRMA10.170/v2/CNRMA10.170.bam,3,0.0283,"14,368,710",100,"13,817,789",96.1658,"14,368,710",109.8150599
G145157,AD11-24,'PatAD76,BROAD:SEQUENCING_SAMPLE:1429388.0,,OnPrem,Cuomo - PCR-Free_Cryptococcus,Cuomo - PCR-Free_Cryptococcus,PDO-15043,1429388,HiSeq X Ten 2x151 Paired Lane,P-SEQ-0018,15-Jun-18,15-Jun-18,4-Jun-18,,"HH77KCCXY/3,HH77KCCXY/4,HK3TGCCXY/5",57097,/seq/picard_aggregation/G145157/AD11-24/current/AD11-24.bam,/seq/picard_aggregation/G145157/AD11-24/v2/AD11-24.bam,3,0.0174,"31,111,990",100,"29,799,695",95.782,"31,111,990",236.829155
G145158,CNRMA11.230,'PatCNR10872,BROAD:SEQUENCING_SAMPLE:1429340.0,,OnPrem,Cuomo - PCR-Free_Cryptococcus,Cuomo - PCR-Free_Cryptococcus,PDO-15043,1429340,HiSeq X Ten 2x151 Paired Lane,P-SEQ-0018,15-Jun-18,15-Jun-18,4-Jun-18,,"HH77KCCXY/3,HH77KCCXY/4,HK3TGCCXY/5",57097,/seq/picard_aggregation/G145158/CNRMA11.230/current/CNRMA11.230.bam,/seq/picard_aggregation/G145158/CNRMA11.230/v2/CNRMA11.230.bam,3,0.0348,"19,114,802",100,"18,124,386",94.8186,"19,114,802",144.0411729
G145159,CNRMA9.1223,'PatCNR10872,BROAD:SEQUENCING_SAMPLE:1429348.0,,OnPrem,Cuomo - PCR-Free_Cryptococcus,Cuomo - PCR-Free_Cryptococcus,PDO-15043,1429348,HiSeq X Ten 2x151 Paired Lane,P-SEQ-0018,15-Jun-18,15-Jun-18,4-Jun-18,,"HH77KCCXY/3,HH77KCCXY/4,HK3TGCCXY/5",57097,/seq/picard_aggregation/G145159/CNRMA9.1223/current/CNRMA9.1223.bam,/seq/picard_aggregation/G145159/CNRMA9.1223/v2/CNRMA9.1223.bam,3,0.0111,"25,531,940",100,"24,300,586",95.1772,"25,531,940",193.1257098
G145160,AD5-94,'PatAD182,BROAD:SEQUENCING_SAMPLE:1429395.0,,OnPrem,Cuomo - PCR-Free_Cryptococcus,Cuomo - PCR-Free_Cryptococcus,PDO-15043,1429395,HiSeq X Ten 2x151 Paired Lane,P-SEQ-0018,15-Jun-18,15-Jun-18,4-Jun-18,,"HH77KCCXY/3,HH77KCCXY/4,HK3TGCCXY/5",57097,/seq/picard_aggregation/G145160/AD5-94/current/AD5-94.bam,/seq/picard_aggregation/G145160/AD5-94/v2/AD5-94.bam,3,0.0186,"14,609,124",100,"14,234,793",97.4377,"14,609,124",113.1291444
G145161,CNRMA11.815,'PatCNR10893,BROAD:SEQUENCING_SAMPLE:1429411.0,,OnPrem,Cuomo - PCR-Free_Cryptococcus,Cuomo - PCR-Free_Cryptococcus,PDO-15043,1429411,HiSeq X Ten 2x151 Paired Lane,P-SEQ-0018,15-Jun-18,15-Jun-18,4-Jun-18,,"HH77KCCXY/3,HH77KCCXY/4,HK3TGCCXY/5",57097,/seq/picard_aggregation/G145161/CNRMA11.815/current/CNRMA11.815.bam,/seq/picard_aggregation/G145161/CNRMA11.815/v2/CNRMA11.815.bam,3,0.0142,"23,344,780",100,"22,587,550",96.7563,"23,344,780",179.5115816
G145162,CNRMA7.655,'PatCNR10510,BROAD:SEQUENCING_SAMPLE:1429418.0,,OnPrem,Cuomo - PCR-Free_Cryptococcus,Cuomo - PCR-Free_Cryptococcus,PDO-15043,1429418,HiSeq X Ten 2x151 Paired Lane,P-SEQ-0018,15-Jun-18,15-Jun-18,4-Jun-18,,"HH77KCCXY/3,HH77KCCXY/4,HK3TGCCXY/5",57097,/seq/picard_aggregation/G145162/CNRMA7.655/current/CNRMA7.655.bam,/seq/picard_aggregation/G145162/CNRMA7.655/v2/CNRMA7.655.bam,3,0.0239,"42,571,474",100,"40,826,598",95.9013,"42,571,474",324.4640157
G145163,CNRMA8.837,'PatCNR10600,BROAD:SEQUENCING_SAMPLE:1429413.0,,OnPrem,Cuomo - PCR-Free_Cryptococcus,Cuomo - PCR-Free_Cryptococcus,PDO-15043,1429413,HiSeq X Ten 2x151 Paired Lane,P-SEQ-0018,15-Jun-18,15-Jun-18,4-Jun-18,,"HH77KCCXY/3,HH77KCCXY/4,HK3TGCCXY/5",57097,/seq/picard_aggregation/G145163/CNRMA8.837/current/CNRMA8.837.bam,/seq/picard_aggregation/G145163/CNRMA8.837/v2/CNRMA8.837.bam,3,0.0111,"29,700,636",100,"28,357,566",95.478,"29,700,636",225.3680245
G145164,CNRMA8.709,'PatCNR10604,BROAD:SEQUENCING_SAMPLE:1429343.0,,OnPrem,Cuomo - PCR-Free_Cryptococcus,Cuomo - PCR-Free_Cryptococcus,PDO-15043,1429343,HiSeq X Ten 2x151 Paired Lane,P-SEQ-0018,15-Jun-18,15-Jun-18,4-Jun-18,,"HH77KCCXY/3,HH77KCCXY/4,HK3TGCCXY/5",57097,/seq/picard_aggregation/G145164/CNRMA8.709/current/CNRMA8.709.bam,/seq/picard_aggregation/G145164/CNRMA8.709/v2/CNRMA8.709.bam,3,0.0126,"41,459,280",100,"39,611,800",95.5439,"41,459,280",314.8095684
G145165,AFA_0312_70,'AFA,BROAD:SEQUENCING_SAMPLE:1429394.0,,OnPrem,Cuomo - PCR-Free_Cryptococcus,Cuomo - PCR-Free_Cryptococcus,PDO-15043,1429394,HiSeq X Ten 2x151 Paired Lane,P-SEQ-0018,15-Jun-18,15-Jun-18,4-Jun-18,,"HH77KCCXY/3,HH77KCCXY/4,HK3TGCCXY/5",57097,/seq/picard_aggregation/G145165/AFA_0312_70/current/AFA_0312_70.bam,/seq/picard_aggregation/G145165/AFA_0312_70/v2/AFA_0312_70.bam,3,0.0139,"25,681,188",100,"23,115,096",90.0079,"25,681,188",183.704184
G145166,AFA_0312_71,'AFA,BROAD:SEQUENCING_SAMPLE:1429387.0,,OnPrem,Cuomo - PCR-Free_Cryptococcus,Cuomo - PCR-Free_Cryptococcus,PDO-15043,1429387,HiSeq X Ten 2x151 Paired Lane,P-SEQ-0018,15-Jun-18,15-Jun-18,4-Jun-18,,"HH77KCCXY/3,HH77KCCXY/4,HK3TGCCXY/5",57097,/seq/picard_aggregation/G145166/AFA_0312_71/current/AFA_0312_71.bam,/seq/picard_aggregation/G145166/AFA_0312_71/v2/AFA_0312_71.bam,3,0.0207,"23,167,978",100,"20,964,207",90.4879,"23,167,978",166.6102767
G145167,AFA_0312_72,'AFA,BROAD:SEQUENCING_SAMPLE:1429379.0,,OnPrem,Cuomo - PCR-Free_Cryptococcus,Cuomo - PCR-Free_Cryptococcus,PDO-15043,1429379,HiSeq X Ten 2x151 Paired Lane,P-SEQ-0018,15-Jun-18,15-Jun-18,4-Jun-18,,"HH77KCCXY/3,HH77KCCXY/4,HK3TGCCXY/5",57097,/seq/picard_aggregation/G145167/AFA_0312_72/current/AFA_0312_72.bam,/seq/picard_aggregation/G145167/AFA_0312_72/v2/AFA_0312_72.bam,3,0.0181,"31,121,216",100,"27,068,342",86.9771,"31,121,216",215.1220864
G145168,AFA_0312_73,'AFA,BROAD:SEQUENCING_SAMPLE:1429371.0,,OnPrem,Cuomo - PCR-Free_Cryptococcus,Cuomo - PCR-Free_Cryptococcus,PDO-15043,1429371,HiSeq X Ten 2x151 Paired Lane,P-SEQ-0018,15-Jun-18,15-Jun-18,4-Jun-18,,"HH77KCCXY/3,HH77KCCXY/4,HK3TGCCXY/5",57097,/seq/picard_aggregation/G145168/AFA_0312_73/current/AFA_0312_73.bam,/seq/picard_aggregation/G145168/AFA_0312_73/v2/AFA_0312_73.bam,3,0.0159,"29,922,632",100,"25,478,287",85.1472,"29,922,632",202.4853335
G145169,AFA_0312_74,'AFA,BROAD:SEQUENCING_SAMPLE:1429401.0,,OnPrem,Cuomo - PCR-Free_Cryptococcus,Cuomo - PCR-Free_Cryptococcus,PDO-15043,1429401,HiSeq X Ten 2x151 Paired Lane,P-SEQ-0018,15-Jun-18,15-Jun-18,4-Jun-18,,"HH77KCCXY/3,HH77KCCXY/4,HK3TGCCXY/5",57097,/seq/picard_aggregation/G145169/AFA_0312_74/current/AFA_0312_74.bam,/seq/picard_aggregation/G145169/AFA_0312_74/v2/AFA_0312_74.bam,3,0.0091,"19,474,622",100,"16,299,230",83.6947,"19,474,622",129.5359858
G145170,AFA_0312_75,'AFA,BROAD:SEQUENCING_SAMPLE:1429408.0,,OnPrem,Cuomo - PCR-Free_Cryptococcus,Cuomo - PCR-Free_Cryptococcus,PDO-15043,1429408,HiSeq X Ten 2x151 Paired Lane,P-SEQ-0018,15-Jun-18,15-Jun-18,4-Jun-18,,"HH77KCCXY/3,HH77KCCXY/4,HK3TGCCXY/5",57097,/seq/picard_aggregation/G145170/AFA_0312_75/current/AFA_0312_75.bam,/seq/picard_aggregation/G145170/AFA_0312_75/v2/AFA_0312_75.bam,3,0.0064,"35,413,842",100,"31,865,665",89.9808,"35,413,842",253.2481797
